{
  "1": {
    "name": "서울대 자연A 물화",
    "maxScore": 600.0,
    "koreanCoef": 1.0,
    "mathCoef": 1.2,
    "tamgu1Coef": 0.8,
    "tamgu2Coef": 0.8,
    "tamguBonus": 0.0,
    "koreanType": 1,
    "mathType": 1,
    "tamgu1Type": 1,
    "tamgu2Type": 1,
    "koreanRatio": 0.3333333333333333,
    "mathRatio": 0.39999999999999997,
    "tamgu1Ratio": 0.13333333333333333,
    "tamgu2Ratio": 0.13333333333333333
  },
  "2": {
    "name": "서울대 자연B",
    "maxScore": 600.0,
    "koreanCoef": 1.0,
    "mathCoef": 1.2,
    "tamgu1Coef": 0.8,
    "tamgu2Coef": 0.8,
    "tamguBonus": 0.0,
    "koreanType": 1,
    "mathType": 1,
    "tamgu1Type": 1,
    "tamgu2Type": 1,
    "koreanRatio": 0.3333333333333333,
    "mathRatio": 0.39999999999999997,
    "tamgu1Ratio": 0.13333333333333333,
    "tamgu2Ratio": 0.13333333333333333
  },
  "3": {
    "name": "서울대 통합",
    "maxScore": 600.0,
    "koreanCoef": 1.0,
    "mathCoef": 1.2,
    "tamgu1Coef": 0.8,
    "tamgu2Coef": 0.8,
    "tamguBonus": 0.0,
    "koreanType": 1,
    "mathType": 1,
    "tamgu1Type": 1,
    "tamgu2Type": 1,
    "koreanRatio": 0.3333333333333333,
    "mathRatio": 0.39999999999999997,
    "tamgu1Ratio": 0.13333333333333333,
    "tamgu2Ratio": 0.13333333333333333
  },
  "4": {
    "name": "서울대 자전",
    "maxScore": 600.0,
    "koreanCoef": 1.0,
    "mathCoef": 1.2,
    "tamgu1Coef": 0.8,
    "tamgu2Coef": 0.8,
    "tamguBonus": 0.0,
    "koreanType": 1,
    "mathType": 1,
    "tamgu1Type": 1,
    "tamgu2Type": 1,
    "koreanRatio": 0.3333333333333333,
    "mathRatio": 0.39999999999999997,
    "tamgu1Ratio": 0.13333333333333333,
    "tamgu2Ratio": 0.13333333333333333
  },
  "5": {
    "name": "연세대 자연",
    "maxScore": 950.0,
    "koreanCoef": 1.0555555555555554,
    "mathCoef": 1.583333333333333,
    "tamgu1Coef": 1.583333333333333,
    "tamgu2Coef": 1.583333333333333,
    "tamguBonus": 0.04749999999999999,
    "koreanType": 1,
    "mathType": 1,
    "tamgu1Type": 4,
    "tamgu2Type": 4,
    "koreanRatio": 0.2222222222222222,
    "mathRatio": 0.3333333333333333,
    "tamgu1Ratio": 0.16666666666666666,
    "tamgu2Ratio": 0.16666666666666666
  },
  "6": {
    "name": "연세대 인문",
    "maxScore": 950.0,
    "koreanCoef": 1.78125,
    "mathCoef": 1.1875,
    "tamgu1Coef": 1.1875,
    "tamgu2Coef": 1.1875,
    "tamguBonus": 0.0,
    "koreanType": 1,
    "mathType": 1,
    "tamgu1Type": 4,
    "tamgu2Type": 4,
    "koreanRatio": 0.375,
    "mathRatio": 0.25,
    "tamgu1Ratio": 0.125,
    "tamgu2Ratio": 0.125
  },
  "7": {
    "name": "연세대 의",
    "maxScore": 900.0,
    "koreanCoef": 1.0,
    "mathCoef": 1.5,
    "tamgu1Coef": 1.5,
    "tamgu2Coef": 1.5,
    "tamguBonus": 0.045,
    "koreanType": 1,
    "mathType": 1,
    "tamgu1Type": 4,
    "tamgu2Type": 4,
    "koreanRatio": 0.2222222222222222,
    "mathRatio": 0.3333333333333333,
    "tamgu1Ratio": 0.16666666666666666,
    "tamgu2Ratio": 0.16666666666666666
  },
  "8": {
    "name": "연세대 국제",
    "maxScore": 900.0,
    "koreanCoef": 1.5,
    "mathCoef": 1.5,
    "tamgu1Coef": 0.75,
    "tamgu2Coef": 0.75,
    "tamguBonus": 0.0,
    "koreanType": 1,
    "mathType": 1,
    "tamgu1Type": 4,
    "tamgu2Type": 4,
    "koreanRatio": 0.3333333333333333,
    "mathRatio": 0.3333333333333333,
    "tamgu1Ratio": 0.08333333333333333,
    "tamgu2Ratio": 0.08333333333333333
  },
  "9": {
    "name": "고려대 자연",
    "maxScore": 1000.0,
    "koreanCoef": 1.5625,
    "mathCoef": 1.875,
    "tamgu1Coef": 1.5625,
    "tamgu2Coef": 1.5625,
    "tamguBonus": 0.046875,
    "koreanType": 1,
    "mathType": 1,
    "tamgu1Type": 4,
    "tamgu2Type": 4,
    "koreanRatio": 0.3125,
    "mathRatio": 0.375,
    "tamgu1Ratio": 0.15625,
    "tamgu2Ratio": 0.15625
  },
  "10": {
    "name": "고려대 사국",
    "maxScore": 800.0,
    "koreanCoef": 1.25,
    "mathCoef": 1.5,
    "tamgu1Coef": 1.25,
    "tamgu2Coef": 1.25,
    "tamguBonus": 0.0375,
    "koreanType": 1,
    "mathType": 1,
    "tamgu1Type": 4,
    "tamgu2Type": 4,
    "koreanRatio": 0.3125,
    "mathRatio": 0.375,
    "tamgu1Ratio": 0.15625,
    "tamgu2Ratio": 0.15625
  },
  "11": {
    "name": "고려대 통합",
    "maxScore": 1000.0,
    "koreanCoef": 1.7857142857142858,
    "mathCoef": 1.7857142857142858,
    "tamgu1Coef": 1.4285714285714286,
    "tamgu2Coef": 1.4285714285714286,
    "tamguBonus": 0.0,
    "koreanType": 1,
    "mathType": 1,
    "tamgu1Type": 4,
    "tamgu2Type": 4,
    "koreanRatio": 0.35714285714285715,
    "mathRatio": 0.35714285714285715,
    "tamgu1Ratio": 0.14285714285714285,
    "tamgu2Ratio": 0.14285714285714285
  },
  "12": {
    "name": "서강 자연",
    "maxScore": 600.0,
    "koreanCoef": 1.1,
    "mathCoef": 1.3,
    "tamgu1Coef": 0.6,
    "tamgu2Coef": 0.6,
    "tamguBonus": 0.0,
    "koreanType": 1,
    "mathType": 1,
    "tamgu1Type": 4,
    "tamgu2Type": 4,
    "koreanRatio": 0.3666666666666667,
    "mathRatio": 0.43333333333333335,
    "tamgu1Ratio": 0.09999999999999999,
    "tamgu2Ratio": 0.09999999999999999
  },
  "13": {
    "name": "서강 통합",
    "maxScore": 600.0,
    "koreanCoef": 1.3,
    "mathCoef": 1.1,
    "tamgu1Coef": 0.6,
    "tamgu2Coef": 0.6,
    "tamguBonus": 0.0,
    "koreanType": 1,
    "mathType": 1,
    "tamgu1Type": 4,
    "tamgu2Type": 4,
    "koreanRatio": 0.43333333333333335,
    "mathRatio": 0.3666666666666667,
    "tamgu1Ratio": 0.09999999999999999,
    "tamgu2Ratio": 0.09999999999999999
  },
  "14": {
    "name": "서강 적용",
    "maxScore": 600.0,
    "koreanCoef": 1.3,
    "mathCoef": 1.1,
    "tamgu1Coef": 0.6,
    "tamgu2Coef": 0.6,
    "tamguBonus": 0.0,
    "koreanType": 1,
    "mathType": 1,
    "tamgu1Type": 4,
    "tamgu2Type": 4,
    "koreanRatio": 0.43333333333333335,
    "mathRatio": 0.3666666666666667,
    "tamgu1Ratio": 0.09999999999999999,
    "tamgu2Ratio": 0.09999999999999999
  },
  "15": {
    "name": "서강 적용(최저)",
    "maxScore": 600.0,
    "koreanCoef": 1.3,
    "mathCoef": 1.1,
    "tamgu1Coef": 0.6,
    "tamgu2Coef": 0.6,
    "tamguBonus": 0.0,
    "koreanType": 1,
    "mathType": 1,
    "tamgu1Type": 4,
    "tamgu2Type": 4,
    "koreanRatio": 0.43333333333333335,
    "mathRatio": 0.3666666666666667,
    "tamgu1Ratio": 0.09999999999999999,
    "tamgu2Ratio": 0.09999999999999999
  },
  "16": {
    "name": "서강 자연(최저)",
    "maxScore": 600.0,
    "koreanCoef": 1.1,
    "mathCoef": 1.3,
    "tamgu1Coef": 0.6,
    "tamgu2Coef": 0.6,
    "tamguBonus": 0.0,
    "koreanType": 1,
    "mathType": 1,
    "tamgu1Type": 4,
    "tamgu2Type": 4,
    "koreanRatio": 0.3666666666666667,
    "mathRatio": 0.43333333333333335,
    "tamgu1Ratio": 0.09999999999999999,
    "tamgu2Ratio": 0.09999999999999999
  },
  "17": {
    "name": "서강 통합(최저)",
    "maxScore": 600.0,
    "koreanCoef": 1.3,
    "mathCoef": 1.1,
    "tamgu1Coef": 0.6,
    "tamgu2Coef": 0.6,
    "tamguBonus": 0.0,
    "koreanType": 1,
    "mathType": 1,
    "tamgu1Type": 4,
    "tamgu2Type": 4,
    "koreanRatio": 0.43333333333333335,
    "mathRatio": 0.3666666666666667,
    "tamgu1Ratio": 0.09999999999999999,
    "tamgu2Ratio": 0.09999999999999999
  }
}