{
  "1": {
    "name": "서울대 자연A 물화",
    "maxScore": 600,
    "baseMax": 600.0,
    "engMax": null,
    "koreanCoef": 1.0,
    "mathCoef": 1.2,
    "tamguCoef": 0.8,
    "tamgu2Coef": 0.8,
    "tamguBonus": 0,
    "koreanRatio": 0.3333333333333333,
    "mathRatio": 0.39999999999999997,
    "tamguRatio": 0.26666666666666666
  },
  "2": {
    "name": "서울대 자연B",
    "maxScore": 600,
    "baseMax": 600.0,
    "engMax": null,
    "koreanCoef": 1.0,
    "mathCoef": 1.2,
    "tamguCoef": 0.8,
    "tamgu2Coef": 0.8,
    "tamguBonus": 0,
    "koreanRatio": 0.3333333333333333,
    "mathRatio": 0.39999999999999997,
    "tamguRatio": 0.26666666666666666
  },
  "3": {
    "name": "서울대 통합",
    "maxScore": 600,
    "baseMax": 600.0,
    "engMax": null,
    "koreanCoef": 1.0,
    "mathCoef": 1.2,
    "tamguCoef": 0.8,
    "tamgu2Coef": 0.8,
    "tamguBonus": 0,
    "koreanRatio": 0.3333333333333333,
    "mathRatio": 0.39999999999999997,
    "tamguRatio": 0.26666666666666666
  },
  "4": {
    "name": "서울대 자전",
    "maxScore": 600,
    "baseMax": 600.0,
    "engMax": null,
    "koreanCoef": 1.0,
    "mathCoef": 1.2,
    "tamguCoef": 0.8,
    "tamgu2Coef": 0.8,
    "tamguBonus": 0,
    "koreanRatio": 0.3333333333333333,
    "mathRatio": 0.39999999999999997,
    "tamguRatio": 0.26666666666666666
  },
  "5": {
    "name": "연세대 자연",
    "maxScore": 950,
    "baseMax": 844.4444444444443,
    "engMax": 105.55555555555556,
    "koreanCoef": 1.0555555555555554,
    "mathCoef": 1.583333333333333,
    "tamguCoef": 1.583333333333333,
    "tamgu2Coef": 1.583333333333333,
    "tamguBonus": 0.04749999999999999,
    "koreanRatio": 0.2222222222222222,
    "mathRatio": 0.3333333333333333,
    "tamguRatio": 0.3333333333333333
  },
  "6": {
    "name": "연세대 인문",
    "maxScore": 950,
    "baseMax": 831.25,
    "engMax": 118.75,
    "koreanCoef": 1.78125,
    "mathCoef": 1.1875,
    "tamguCoef": 1.1875,
    "tamgu2Coef": 1.1875,
    "tamguBonus": 0,
    "koreanRatio": 0.375,
    "mathRatio": 0.25,
    "tamguRatio": 0.25
  },
  "7": {
    "name": "연세대 의",
    "maxScore": 900,
    "baseMax": 800.0,
    "engMax": 100.0,
    "koreanCoef": 1.0,
    "mathCoef": 1.5,
    "tamguCoef": 1.5,
    "tamgu2Coef": 1.5,
    "tamguBonus": 0.045,
    "koreanRatio": 0.2222222222222222,
    "mathRatio": 0.3333333333333333,
    "tamguRatio": 0.3333333333333333
  },
  "8": {
    "name": "연세대 국제",
    "maxScore": 900,
    "baseMax": 749.9999999999999,
    "engMax": 150.0,
    "koreanCoef": 1.5,
    "mathCoef": 1.5,
    "tamguCoef": 0.75,
    "tamgu2Coef": 0.75,
    "tamguBonus": 0,
    "koreanRatio": 0.3333333333333333,
    "mathRatio": 0.3333333333333333,
    "tamguRatio": 0.16666666666666666
  },
  "9": {
    "name": "고려대 자연",
    "maxScore": 1000,
    "baseMax": 1000.0,
    "engMax": null,
    "koreanCoef": 1.5625,
    "mathCoef": 1.875,
    "tamguCoef": 1.5625,
    "tamgu2Coef": 1.5625,
    "tamguBonus": 0.046875,
    "koreanRatio": 0.3125,
    "mathRatio": 0.375,
    "tamguRatio": 0.3125
  },
  "10": {
    "name": "고려대 사국",
    "maxScore": 800,
    "baseMax": 800.0,
    "engMax": null,
    "koreanCoef": 1.25,
    "mathCoef": 1.5,
    "tamguCoef": 1.25,
    "tamgu2Coef": 1.25,
    "tamguBonus": 0.0375,
    "koreanRatio": 0.3125,
    "mathRatio": 0.375,
    "tamguRatio": 0.3125
  },
  "11": {
    "name": "고려대 통합",
    "maxScore": 1000,
    "baseMax": 1000.0,
    "engMax": null,
    "koreanCoef": 1.7857142857142858,
    "mathCoef": 1.7857142857142858,
    "tamguCoef": 1.4285714285714286,
    "tamgu2Coef": 1.4285714285714286,
    "tamguBonus": 0,
    "koreanRatio": 0.35714285714285715,
    "mathRatio": 0.35714285714285715,
    "tamguRatio": 0.2857142857142857
  },
  "12": {
    "name": "서강 자연",
    "maxScore": 600,
    "baseMax": 600.0,
    "engMax": 100.0,
    "koreanCoef": 1.1,
    "mathCoef": 1.3,
    "tamguCoef": 0.6,
    "tamgu2Coef": 0.6,
    "tamguBonus": 0,
    "koreanRatio": 0.3666666666666667,
    "mathRatio": 0.43333333333333335,
    "tamguRatio": 0.19999999999999998
  },
  "13": {
    "name": "서강 통합",
    "maxScore": 600,
    "baseMax": 600.0,
    "engMax": 100.0,
    "koreanCoef": 1.3,
    "mathCoef": 1.1,
    "tamguCoef": 0.6,
    "tamgu2Coef": 0.6,
    "tamguBonus": 0,
    "koreanRatio": 0.43333333333333335,
    "mathRatio": 0.3666666666666667,
    "tamguRatio": 0.19999999999999998
  },
  "14": {
    "name": "서강 적용",
    "maxScore": 600,
    "baseMax": 600.0,
    "engMax": 100.0,
    "koreanCoef": 1.3,
    "mathCoef": 1.1,
    "tamguCoef": 0.6,
    "tamgu2Coef": 0.6,
    "tamguBonus": 0,
    "koreanRatio": 0.43333333333333335,
    "mathRatio": 0.3666666666666667,
    "tamguRatio": 0.19999999999999998
  },
  "15": {
    "name": "서강 적용(최저)",
    "maxScore": 600,
    "baseMax": 600.0,
    "engMax": 100.0,
    "koreanCoef": 1.3,
    "mathCoef": 1.1,
    "tamguCoef": 0.6,
    "tamgu2Coef": 0.6,
    "tamguBonus": 0,
    "koreanRatio": 0.43333333333333335,
    "mathRatio": 0.3666666666666667,
    "tamguRatio": 0.19999999999999998
  },
  "16": {
    "name": "서강 자연(최저)",
    "maxScore": 600,
    "baseMax": 600.0,
    "engMax": 100.0,
    "koreanCoef": 1.1,
    "mathCoef": 1.3,
    "tamguCoef": 0.6,
    "tamgu2Coef": 0.6,
    "tamguBonus": 0,
    "koreanRatio": 0.3666666666666667,
    "mathRatio": 0.43333333333333335,
    "tamguRatio": 0.19999999999999998
  },
  "17": {
    "name": "서강 통합(최저)",
    "maxScore": 600,
    "baseMax": 600.0,
    "engMax": 100.0,
    "koreanCoef": 1.3,
    "mathCoef": 1.1,
    "tamguCoef": 0.6,
    "tamgu2Coef": 0.6,
    "tamguBonus": 0,
    "koreanRatio": 0.43333333333333335,
    "mathRatio": 0.3666666666666667,
    "tamguRatio": 0.19999999999999998
  }
}