{
  "26": {
    "name": "한양 자연",
    "maxScore": 900,
    "baseMax": 810.0,
    "engMax": 100.0,
    "koreanCoef": 1.618705035971223,
    "mathCoef": 2.5714285714285716,
    "tamguCoef": 1.6071428571428572,
    "tamgu2Coef": 1.6071428571428572,
    "tamguBonus": 0,
    "koreanRatio": 0.25,
    "mathRatio": 0.4,
    "tamguRatio": 0.25
  },
  "28": {
    "name": "한양 통합",
    "maxScore": 900,
    "baseMax": 809.9999999999999,
    "engMax": 100.0,
    "koreanCoef": 2.2661870503597124,
    "mathCoef": 1.9285714285714286,
    "tamguCoef": 1.6071428571428572,
    "tamgu2Coef": 1.6071428571428572,
    "tamguBonus": 0,
    "koreanRatio": 0.35,
    "mathRatio": 0.3,
    "tamguRatio": 0.25
  },
  "29": {
    "name": "한양 상경",
    "maxScore": 900,
    "baseMax": 809.9999999999999,
    "engMax": 100.0,
    "koreanCoef": 2.2661870503597124,
    "mathCoef": 2.25,
    "tamguCoef": 1.2857142857142858,
    "tamgu2Coef": 1.2857142857142858,
    "tamguBonus": 0,
    "koreanRatio": 0.35,
    "mathRatio": 0.35,
    "tamguRatio": 0.2
  },
  "30": {
    "name": "중앙 자연",
    "maxScore": 1000,
    "baseMax": 999.9999999999999,
    "engMax": 100.0,
    "koreanCoef": 1.5,
    "mathCoef": 1.75,
    "tamguCoef": 1.75,
    "tamgu2Coef": 1.75,
    "tamguBonus": 0.08750000000000001,
    "koreanRatio": 0.3,
    "mathRatio": 0.35,
    "tamguRatio": 0.35
  },
  "31": {
    "name": "중앙 통합",
    "maxScore": 1000,
    "baseMax": 999.9999999999999,
    "engMax": 100.0,
    "koreanCoef": 1.75,
    "mathCoef": 1.5,
    "tamguCoef": 1.75,
    "tamgu2Coef": 1.75,
    "tamguBonus": 0,
    "koreanRatio": 0.35,
    "mathRatio": 0.3,
    "tamguRatio": 0.35
  },
  "32": {
    "name": "중앙 경영경제",
    "maxScore": 1000,
    "baseMax": 1000.0,
    "engMax": 100.0,
    "koreanCoef": 1.5,
    "mathCoef": 2.0,
    "tamguCoef": 1.5,
    "tamgu2Coef": 1.5,
    "tamguBonus": 0,
    "koreanRatio": 0.3,
    "mathRatio": 0.4,
    "tamguRatio": 0.3
  },
  "33": {
    "name": "경희 자연",
    "maxScore": 600,
    "baseMax": 600.0,
    "engMax": null,
    "koreanCoef": 0.75,
    "mathCoef": 1.2,
    "tamguCoef": 1.05,
    "tamgu2Coef": 1.05,
    "tamguBonus": 0,
    "koreanRatio": 0.25,
    "mathRatio": 0.4,
    "tamguRatio": 0.35
  },
  "34": {
    "name": "경희 인문",
    "maxScore": 600,
    "baseMax": 600.0,
    "engMax": null,
    "koreanCoef": 1.2,
    "mathCoef": 0.75,
    "tamguCoef": 1.05,
    "tamgu2Coef": 1.05,
    "tamguBonus": 0,
    "koreanRatio": 0.4,
    "mathRatio": 0.25,
    "tamguRatio": 0.35
  },
  "35": {
    "name": "경희 사회",
    "maxScore": 600,
    "baseMax": 600.0,
    "engMax": null,
    "koreanCoef": 1.05,
    "mathCoef": 1.05,
    "tamguCoef": 0.9,
    "tamgu2Coef": 0.9,
    "tamguBonus": 0,
    "koreanRatio": 0.35,
    "mathRatio": 0.35,
    "tamguRatio": 0.3
  },
  "36": {
    "name": "경희 자유(자연)",
    "maxScore": 600,
    "baseMax": 510.00000000000006,
    "engMax": null,
    "koreanCoef": 0.6,
    "mathCoef": 1.05,
    "tamguCoef": 0.9,
    "tamgu2Coef": 0.9,
    "tamguBonus": 0,
    "koreanRatio": 0.2,
    "mathRatio": 0.35,
    "tamguRatio": 0.3
  },
  "38": {
    "name": "한국외대 통합어문",
    "maxScore": 700,
    "baseMax": 560.0,
    "engMax": 140.0,
    "koreanCoef": 1.5107913669064748,
    "mathCoef": 1.5,
    "tamguCoef": 1.0,
    "tamgu2Coef": 1.0,
    "tamguBonus": 0,
    "koreanRatio": 0.3,
    "mathRatio": 0.3,
    "tamguRatio": 0.2
  },
  "39": {
    "name": "한국외대 통합사회",
    "maxScore": 700,
    "baseMax": 594.9999999999999,
    "engMax": 105.0,
    "koreanCoef": 1.5107913669064748,
    "mathCoef": 1.7499999999999998,
    "tamguCoef": 1.0,
    "tamgu2Coef": 1.0,
    "tamguBonus": 0,
    "koreanRatio": 0.3,
    "mathRatio": 0.35,
    "tamguRatio": 0.2
  },
  "40": {
    "name": "한국외대 자연",
    "maxScore": 700,
    "baseMax": 595.0000000000001,
    "engMax": 105.0,
    "koreanCoef": 1.0071942446043165,
    "mathCoef": 1.7499999999999998,
    "tamguCoef": 1.5,
    "tamgu2Coef": 1.5,
    "tamguBonus": 0,
    "koreanRatio": 0.2,
    "mathRatio": 0.35,
    "tamguRatio": 0.3
  }
}